+Articles 	 articles/
+DVG 	 padya/DVG/
+KS ‡≤®‡≤æ‡≤∞‡≤æ‡≤Ø‡≤£‡≤æ‡≤ö‡≤æ‡≤∞‡≥ç‡≤Ø 	 gadya/KS_nArAyaNAchArya/
+V 	 gadya/vishvAsa/
+‡§™‡•ç‡§∞‡§æ‡§∞‡•ç‡§•‡§®‡§æ-‡§´‡§≤‡§Æ‡•ç 	 gadya/prArthanA-phalam/
+‡≤Ö‡≤ß‡≤ø-‡≤ó‡≤£‡≥á‡≤∂‡≤Æ‡≥ç 	 gadya/ra_gaNesha/adhi-gaNesham/
+‡≤Ü‡≤Æ‡≤®‡≥ç‡≤§‡≥ç‡≤∞‡≤£ 	 gadya/AmantraNa/
+‡≤ï‡≤®‡≥ç‡≤®‡≤° 	 
+‡≤ï‡≥Å‡≤Æ‡≥ç‡≤≠-‡≤∏‡≤Æ‡≥ç‡≤≠‡≤µ‡≥Ä‡≤Ø‡≤Æ‡≥ç 	 padya/koppala-tOTa-gaNesha/kumbhasambhavIyam/
+‡≤ï‡≥Å‡≤µ‡≥Ü‡≤Ç‡≤™‡≥Å 	 gIte/kuvempu/
+‡≤ï‡≥Å‡≤µ‡≥Ü‡≤Ç‡≤™‡≥Å 	 padya/kuvempu/
+‡≤ï‡≥ä‡≤™‡≥ç‡≤™‡≤≤‡≤§‡≥ã‡≤ü ‡≤ó‡≤£‡≥á‡≤∂ 	 padya/koppala-tOTa-gaNesha/
+‡≤ó‡≤¶‡≥ç‡≤Ø 	 gadya/
+‡≤ó‡≥Ä‡≤§‡≥Ü 	 gIte/
+‡≤ó‡≥ã‡≤µ‡≤ø‡≤® ‡≤π‡≤æ‡≤°‡≥Å 	 gIte/gOvina_hADu/
+‡≤ö‡≤ø‡≤§‡≥ç‡≤∞-‡≤ó‡≥Ä‡≤§‡≥Ü‡≤ó‡≤≥‡≥Å 	 gIte/chitra-gItegaLu/
+‡≤§‡≥Å‡≤∑‡≤æ‡≤∞-‡≤Æ‡≥Ä‡≤∞‡≤æ 	 gadya/tuShAra-mIrA/
+‡≤®‡≤æ‡≤ó‡≤Æ‡≤Ç‡≤ó‡≤≤-‡≤∂‡≤æ‡≤Ç‡≤§‡≤æ 	 gadya/nAgamangala-shAntA/
+‡≤®‡≤æ‡≤Æ‡≤™‡≤¶ 	 vyAkaraNa/nAmapada/
+‡≤™‡≤£‡≥ç‡≤°‡≤ø‡≤§‡≤®‡≤æ‡≤•‡≤æ‡≤ö‡≤æ‡≤∞‡≥ç‡≤Ø 	 padya/paNDitanAthAchArya/
+‡≤™‡≤¶‡≥ç‡≤Ø 	 padya/
+‡≤™‡≥ç‡≤∞‡≤ï‡≥Ä‡≤∞‡≥ç‡≤£ 	 gadya/prakIrNa/
+‡≤™‡≥ç‡≤∞‡≤ï‡≥Ä‡≤∞‡≥ç‡≤£ 	 padya/prakIrNa/
+‡≤∞‡≤§‡≥ç‡≤®‡≤®‡≥ç ‡≤™‡≤¶‡≤ó‡≥ä‡≤≥‡≥Å 	 gIte/rAjaratnam/ratnan_padagaLu/
+‡≤µ‡≤ø‡≤∂‡≥ç‡≤ö‡≤æ‡≤∏ 	 gIte/vishvAsaH/
+‡≤µ‡≤ø‡≤∂‡≥ç‡≤µ‡≤µ‡≤æ‡≤£‡≥Ä 	 articles/saMskRta-vivAdaH/vishvavANI/
+‡≤µ‡≥ç‡≤Ø‡≤æ‡≤ï‡≤∞‡≤£ 	 vyAkaraNa/
+‡≤∂‡≤§‡≤ï‡≤ó‡≤≥‡≥Å 	 padya/shatakagaLu/
+‡≤∂‡≤æ‡≤®‡≥ç‡≤§‡≤ø‡≤ó‡≥ç‡≤∞‡≤æ‡≤Æ-‡≤®‡≤∞‡≤∏‡≤ø‡≤Ç‡≤π-‡≤Æ‡≥Ç‡≤∞‡≥ç‡≤§‡≤ø 	 padya/shAnti-grAma-narasiMha-mUrti/
+‡≤π‡≤µ‡≥ç‡≤Ø‡≤ï-‡≤π‡≤æ‡≤°‡≥Å 	 gIte/havyaka-hADugaLu/
+‡≤π‡≤≥‡≤ó‡≤®‡≥ç‡≤®‡≤° ‡≤µ‡≥ç‡≤Ø‡≤æ‡≤ï‡≤∞‡≤£ ‡≤™‡≥ç‡≤∞‡≤µ‡≥á‡≤∂‡≤ø‡≤ï‡≥Ü 	 vyAkaraNa/Halagannada-Vyakarana-Praveshike_Venkatachala-Shastry/
+‡≤π‡≥Ü‡≤ó‡≤°‡≥Ü-‡≤ú‡≤®‡≤æ‡≤∞‡≥ç‡≤¶‡≤® 	 articles/saMskRta-vivAdaH/hegDe-janArdana/
+‡≤π‡≥Ü‡≤¨‡≥ç‡≤¨‡≤≥‡≤≤‡≥Å-‡≤∞‡≤æ‡≤ò‡≤µ‡≥á‡≤®‡≥ç‡≤¶‡≥ç‡≤∞ 	 gadya/hebbaLalu-rAghavendra/
‡≥¶ 	 padya/DVG/kagga/0/
‡≥¶‡≥¶ 	 vyAkaraNa/Halagannada-Vyakarana-Praveshike_Venkatachala-Shastry/00/
‡≥¶‡≥ß 	 padya/koppala-tOTa-gaNesha/kumbhasambhavIyam/01/
‡≥¶‡≥ß ‡≤™‡≥ç‡≤∞‡≤µ‡≥á‡≤∂ 	 vyAkaraNa/Halagannada-Vyakarana-Praveshike_Venkatachala-Shastry/01_pravEsha/
‡≥¶‡≥® ‡≤π‡≤≥‡≤ó‡≤®‡≥ç‡≤®‡≤° ‡≤µ‡≤∞‡≥ç‡≤£‡≤Æ‡≤æ‡≤≤‡≥Ü 	 vyAkaraNa/Halagannada-Vyakarana-Praveshike_Venkatachala-Shastry/02_haLagannaDa_varNamAle/
‡≥¶‡≥© ‡≤π‡≤≥‡≤ó‡≤®‡≥ç‡≤®‡≤° ‡≤∂‡≤¨‡≥ç‡≤¶‡≤∞‡≤ö‡≤®‡≥Ü 	 vyAkaraNa/Halagannada-Vyakarana-Praveshike_Venkatachala-Shastry/03_haLagannaDa_shabdarachane/
‡≥¶‡≥™ ‡≤∏‡≤Ç‡≤ß‡≤ø - ‡≤∏‡≤Ç‡≤ß‡≤ø‡≤ï‡≤æ‡≤∞‡≥ç‡≤Ø 	 vyAkaraNa/Halagannada-Vyakarana-Praveshike_Venkatachala-Shastry/04_saMdhi_-_saMdhikArya/
‡≥¶‡≥´ ‡≤®‡≤æ‡≤Æ‡≤™‡≤¶ ‡≤™‡≥ç‡≤∞‡≤ï‡≤∞‡≤£ 	 vyAkaraNa/Halagannada-Vyakarana-Praveshike_Venkatachala-Shastry/05_nAmapada_prakaraNa/
‡≥¶‡≥¨ ‡≤∏‡≤Æ‡≤æ‡≤∏ ‡≤™‡≥ç‡≤∞‡≤ï‡≤∞‡≤£ 	 vyAkaraNa/Halagannada-Vyakarana-Praveshike_Venkatachala-Shastry/06_samAsa_prakaraNa/
‡≥¶‡≥≠ ‡≤§‡≤¶‡≥ç‡≤ß‡≤ø‡≤§‡≤æ‡≤Ç‡≤§ ‡≤®‡≤æ‡≤Æ‡≤™‡≤¶‡≤ó‡≤≥‡≥Å 	 vyAkaraNa/Halagannada-Vyakarana-Praveshike_Venkatachala-Shastry/07_taddhitAMta_nAmapadagaLu/
‡≥¶‡≥Æ ‡≤Ü‡≤ñ‡≥ç‡≤Ø‡≤æ‡≤§ ‡≤™‡≥ç‡≤∞‡≤ï‡≤∞‡≤£ 	 vyAkaraNa/Halagannada-Vyakarana-Praveshike_Venkatachala-Shastry/08_AkhyAta_prakaraNa/
‡≥¶‡≥Ø ‡≤Ö‡≤µ‡≥ç‡≤Ø‡≤Ø‡≤ó‡≤≥ ‡≤µ‡≤ø‡≤ö‡≤æ‡≤∞ 	 vyAkaraNa/Halagannada-Vyakarana-Praveshike_Venkatachala-Shastry/09_avyayagaLa_vichAra/
‡≥ß‡≥¶ ‡≤í‡≤Ç‡≤¶‡≥Å ‡≤™‡≥ç‡≤∞‡≤Ø‡≥ã‡≤ó‡≤™‡≤æ‡≤† 	 vyAkaraNa/Halagannada-Vyakarana-Praveshike_Venkatachala-Shastry/10_oMdu_prayOgapATha/
2016-05-12__82 - Special: Pu·πáyak≈ç·π≠i 	 gIte/gOvina_hADu/2016-05-12__82_-_Special_PuNyakoTi/
Categories 	 categories/
Ganapaty 	 padya/shAnti-grAma-narasiMha-mUrti/Ganapaty/
Protect sanskrit - protect vernacular 	 articles/saMskRta-vivAdaH/protect_sanskrit_protect_vernacular/
Sanskrit-word-replacement-2017 	 articles/saMskRta-vivAdaH/sanskrit-word-replacement-2017/
Tags 	 tags/
‡§Ö‡§ï‡•ç‡§∑‡§∞‡§Æ‡§æ‡§≤‡§æ 	 aksharamAlA/
‡§∏‡§®‡•ç‡§ß‡§ø 	 vyAkaraNa/sandhi/
‡§∏‡•Ç‡§∞‡•ç‡§Ø-‡§™‡•ç‡§∞‡§ï‡§æ‡§∂ ‡≤¨‡≤≤‡≤ø‡≤™‡≤æ‡≤°‡≥ç‡≤Ø‡≤Æ‡≤ø 	 gadya/prakIrNa/sUrya-prakAsha_bali-pADyamI/
‡≤Ö‡≤Æ‡≥ç‡≤Æ 	 gadya/nAgamangala-shAntA/amma/
‡≤á‡≤Ç‡≤§‡≤ø ‡≤∞‡≤æ‡≤ß‡≥Ü 	 gadya/ra_gaNesha/inti_rAdhe/
‡≤â‡≤¶‡≥ç‡≤ß‡≤æ‡≤∞‡≤ï‡≤® ‡≤é‡≤∞‡≤°‡≥Å ‡≤Æ‡≥Å‡≤ñ‡≤ó‡≤≥‡≥Å 	 gadya/tuShAra-mIrA/uddhArakana_eraDu/
‡≤ï‡≤ó‡≥ç‡≤ó 	 padya/DVG/kagga/
‡≤ï‡≤ó‡≥ç‡≤ó‡≤¶ ‡≤ï‡≤•‡≥Ü 	 padya/DVG/kagga/kaggada_kathe/
‡≤ï‡≤®‡≥ç‡≤®‡≤°‡≤¶‡≤≤‡≥ç‡≤≤‡≤ø ‡≤≠‡≤æ‡≤∑‡≤æ‡≤®‡≥Å‡≤∞‡≤æ‡≤ó‡≤¶ ‡≤™‡≤∞‡≤ø‡≤ö‡≤Ø 	 gadya/vishvAsa/bhaashaa-kannada/
‡≤ï‡≤æ‡≤Ø‡≥å ‡≤∂‡≥ç‡≤∞‡≥Ä ‡≤ó‡≥å‡≤∞‡≤ø 	 gIte/kAyau_shrI-gauri/
‡≤ï‡≤æ‡≤µ‡≥ç‡≤Ø‡≤¶‡≤≤‡≥ç‡≤≤‡≤ø ‡≤∞‡≤Æ‡≤£ 	 gadya/prakIrNa/kAvyadalli_ramaNa/
‡≤ï‡≥Å‡≤≤‡≤ï‡≤∞‡≤£‡≤ø-‡≤®‡≥Ä‡≤≤‡≤ï‡≤£‡≥ç‡≤†‡≤É 	 gadya/kulakaraNi-nIlakaNThaH/
‡≤ï‡≥Å‡≤µ‡≥Ü‡≤Ç‡≤™‡≥Å 	 gadya/ku-ve-puTTappa/
‡≤ï‡≥Ü. ‡≤é‡≤∏‡≥ç. ‡≤®‡≤∞‡≤∏‡≤ø‡≤Ç‡≤π ‡≤∏‡≥ç‡≤µ‡≤æ‡≤Æ‡≤ø 	 padya/narasiMha-svAmI/
‡≤ï‡≥Ü‡≤∞‡≥Ü ‡≤è‡≤∞‡≤ø 	 padya/shAnti-grAma-narasiMha-mUrti/kere_Eri/
‡≤ï‡≥ã‡≤∂ ‡≤ì‡≤¶‡≥Å‡≤µ ‡≤∏‡≥Å‡≤ñ 	 gadya/nAgamangala-shAntA/kosha-sukha/
‡≤ï‡≥ç‡≤∞‡≤ø‡≤Ø‡≤æ‡≤™‡≤¶ 	 vyAkaraNa/kriyApada/
‡≤ó‡≤£‡≥á‡≤∂‡≤™‡≤∞‡≤ø‡≤µ‡≤æ‡≤∞ 	 gadya/maNTapa-prabhAkaropAdhyAyaH/gaNesha-parivAra/
‡≤ó‡≤æ‡≤Ç‡≤ß‡≤ø 	 padya/shAnti-grAma-narasiMha-mUrti/gAndhi/
‡≤ó‡≥ã‡≤∞‡≥ç‡≤≤‡≤® ‡≤ó‡≥ã‡≤≥‡≥Å 	 padya/shAnti-grAma-narasiMha-mUrti/gOrlana_gOLu/
‡≤°‡≤ø.‡≤µ‡≤ø.‡≤ú‡≤ø. ‡≤Ö‡≤µ‡≤∞ ‡≤≠‡≤æ‡≤∑‡≤æ‡≤∂‡≤ø‡≤≤‡≥ç‡≤™ 	 articles/shashi_dvg-bhAShA-shilpa/
‡≤§‡≤¨‡≥ç‡≤¨‡≤≤‡≤ø‡≤Ø‡≥Å ‡≤®‡≥Ä‡≤®‡≤æ‡≤¶‡≥Ü ‡≤Æ‡≤ó‡≤®‡≥Ü ‡≤ö‡≤ø‡≤§‡≥ç‡≤∞‡≤¶‡≤≤‡≥ç‡≤≤‡≤ø 	 gIte/gOvina_hADu/tabbaliyu_nInAde_magane/
‡≤§‡≥Ç‡≤ó‡≤ø‡≤∞‡≥ã ‡≤∏‡≥ç‡≤µ‡≤æ‡≤Æ‡≤ø‡≤Ø‡≤æ 	 padya/shAnti-grAma-narasiMha-mUrti/tUgirO_svAmiyA/
‡≤§‡≥á‡≤ú‡≤∏‡≥ç‡≤µ‡≤ø-‡≤Ö‡≤®‡≤®‡≥ç‡≤§‡≤Æ‡≥Ç‡≤∞‡≥ç‡≤§‡≤ø 	 gadya/vyAmishra/tejasvi-anantamUrti/
‡≤§‡≥á‡≤ú‡≤∏‡≥ç‡≤µ‡≤ø-‡≤™‡≤§‡≥ç‡≤∞‡≤Æ‡≥ç 	 gadya/ku-ve-puTTappa/tejasvi-patram/
‡≤§‡≥ä‡≤ü‡≥ç‡≤ü‡≤≤‡≥Å-‡≤™‡≥Ç‡≤ú‡≥Ü 	 gIte/havyaka-hADugaLu/toTTalu-hADu/
‡≤¶‡≥Ç‡≤∞‡≤ï‡≥Ü ‡≤¶‡≥Ç‡≤∞‡≤ï‡≥Ü 	 gIte/kuvempu/dUrake_dUrake/
‡≤¶‡≥É‡≤∑‡≥ç‡≤ü‡≤ø-‡≤¶‡≤æ‡≤® 	 padya/paNDitanAthAchArya/dRShTi-dAna/
‡≤®‡≤°‡≥Å‡≤ó‡≤®‡≥ç‡≤®‡≤°‡≤™‡≤æ‡≤† 	 gIte/gOvina_hADu/naDu-gannaDa-pATha/
‡≤®‡≤Æ‡≥ç‡≤Æ ‡≤ä‡≤∞ ‡≤∞‡≤∏‡≤ø‡≤ï‡≤∞‡≥Å 	 gadya/hebbaLalu-rAghavendra/namma_Ura_rasikaru/
‡≤®‡≤ø‡≤ú‡≤≤‡≤ø‡≤Ç‡≤ó‡≤∂‡≤§‡≤ï 	 padya/shatakagaLu/nijalinga-shataka/
‡≤®‡≥Ä‡≤®‡≤≤‡≥ç‡≤≤‡≤¶‡≥á 	 padya/shAnti-grAma-narasiMha-mUrti/nInalladE/
‡≤®‡≥Ä‡≤µ‡≥ç ‡≤Ö‡≤≤‡≥ç‡≤≤‡≤µ‡≥á 	 padya/narasiMha-svAmI/nIvallave/
‡≤™‡≤Ç‡≤°‡≤ø‡≤§ 	 padya/shAnti-grAma-narasiMha-mUrti/paNDita/
‡≤™‡≤®‡≥ç‡≤®‡≥Ä‡≤∞‡≥Å‡≤¶‡≤æ‡≤®‡≤ø 	 gadya/nAgamangala-shAntA/pannIru-dAni/
‡≤™‡≤Ç‡≤™‡≤æ‡≤∂‡≤§‡≤ï 	 padya/shatakagaLu/pampA-shataka/
‡≤™‡≥Å ‡≤§‡≤ø ‡≤®‡≤∞‡≤∏‡≤ø‡≤Ç‡≤π‡≤æ‡≤ö‡≤æ‡≤∞‡≥ç 	 padya/narasiMhAchAr/
‡≤™‡≥Å‡≤Ç‡≤ó‡≥ç‡≤®‡≥Ç‡≤∞ ‡≤Æ‡≤¶‡≥Å‡≤µ‡≥Ü 	 padya/shAnti-grAma-narasiMha-mUrti/puNgnUra_maduve/
‡≤™‡≥ç‡≤∞‡≤≠‡≥Ç‡≤ú‡≤ø 	 padya/shAnti-grAma-narasiMha-mUrti/prabhUji/
‡≤™‡≥ç‡≤∞‡≤æ‡≤§‡≤ø‡≤™‡≤¶‡≤ø‡≤ï 	 vyAkaraNa/prAtipadika/
‡≤¨‡≤≤‡≤ø‡≤™‡≤æ‡≤°‡≥ç‡≤Ø‡≤Æ‡≤ø 	 gadya/kulakaraNi-nIlakaNThaH/bali-pADyamI/
‡≤≠‡≤æ‡≤®‡≤ø‡≤ó‡≥ä‡≤Ç‡≤¶‡≥Å ‡≤é‡≤≤‡≥ç‡≤≤‡≥Ü  	 gIte/chitra-gItegaLu/bhAnigondu_elle/
‡≤≠‡≤æ‡≤®‡≥Å‡≤Æ‡≤§‡≤ø 	 gadya/KS_nArAyaNAchArya/bhAnumati/
‡≤≠‡≤æ‡≤∑‡≤æ‡≤∞‡≤æ‡≤ú‡≤ï‡≥Ä‡≤Ø-‡≤®‡≤ø‡≤∑‡≥á‡≤ß 	 articles/saMskRta-vivAdaH/vishvavANI/bhAShA-rAjakIya-niShedha/
‡≤Æ‡≤Ç‡≤°‡≤™-‡≤™‡≥ç‡≤∞‡≤≠‡≤æ‡≤ï‡≤∞‡≥ã‡≤™‡≤æ‡≤ß‡≥ç‡≤Ø‡≤æ‡≤Ø 	 gadya/maNTapa-prabhAkaropAdhyAyaH/
‡≤Æ‡≤æ‡≤§‡≥É‡≤¶‡≥á‡≤µ‡≥ã ‡≤≠‡≤µ 	 gadya/prakIrNa/mAtR-devo_bhava/
‡≤Ø‡≤•‡≥ã‡≤ï‡≥ç‡≤§‡≤ï‡≤æ‡≤∞‡≤ø - ‡≤§‡≤ø‡≤∞‡≥Å‡≤Æ‡≤≥‡≤ø‡≤∂‡≥à 	 gadya/nAgamangala-shAntA/yathoktakArI_tirumAL-isai/
‡≤Ø‡≤æ‡≤∞‡≤ø‡≤ó‡≥Ç ‡≤π‡≥á‡≤≥‡≥ã‡≤£‡≥Å ‡≤¨‡≥ç‡≤Ø‡≤æ‡≤° 	 padya/shAnti-grAma-narasiMha-mUrti/yArigU_hELONu_byADa/
‡≤Ø‡≤æ‡≤∞‡≥Å ‡≤§‡≤ø‡≤≥‡≤ø‡≤Ø‡≤∞‡≥Å 	 gIte/chitra-gItegaLu/yAru_tiLiyaru/
‡≤∞‡≤ï‡≥ç‡≤∑‡≤æ ‡≤∂‡≤§‡≤ï 	 padya/shatakagaLu/raxA-shataka/
‡≤∞‡≤Ç‡≤ó‡≤µ‡≤≤‡≥ç‡≤≤‡≥Ä 	 padya/narasiMhAchAr/rangavallI/
‡≤∞‡≤§‡≥ç‡≤®‡≤®‡≥ç ‡≤™‡≥ç‡≤∞‡≤™‡≤Ç‡≤ö 	 gIte/rAjaratnam/ratnan_padagaLu/ratnan_prapancha/
‡≤∞‡≤æ ‡≤ó‡≤£‡≥á‡≤∂ 	 gadya/ra_gaNesha/
‡≤∞‡≤æ‡≤ú‡≤∞‡≤§‡≥ç‡≤®‡≤Ç ‡≤ú‡≤ø ‡≤™‡≤ø 	 gIte/rAjaratnam/
‡≤∞‡≤æ‡≤ú‡≤æ‡≤∞‡≤æ‡≤Æ‡≤®‡≥Å 	 gIte/vishvAsaH/rAjA-rAmanu-rAjanu-alla/
‡≤∞‡≤æ‡≤µ‡≥Ä ‡≤™‡≤æ‡≤∞‡≥ç‚Äå 	 gadya/nAgamangala-shAntA/rAvi-pAra/
‡≤≤‡≤Ç‡≤ó‡≥ã‡≤ü‡≤ø ‡≤Æ‡≥Ü‡≤∞‡≤µ‡≤£‡≤ø‡≤ó‡≥Ü 	 gadya/nAgamangala-shAntA/langoTi-meravaNige/
‡≤µ‡≥ç‡≤Ø‡≤æ‡≤Æ‡≤ø‡≤∂‡≥ç‡≤∞ 	 gadya/vyAmishra/
‡≤∂‡≤ø‡≤µ-‡≤™‡≥ç‡≤∞‡≤§‡≤ø‡≤∑‡≥ç‡≤†‡≤æ ‡≥ß‡≥Ø‡≥¶‡≥Ø 	 gadya/AmantraNa/shiva-pratiShThA_1909/
‡≤∂‡≥ç‡≤∞‡≥Ä‡≤®‡≤ø‡≤µ‡≤æ‡≤∏-‡≤∞‡≤æ‡≤ú‡≥Å-‡≤∏‡≤æ‡≤∞ 	 gadya/ra_gaNesha/adhi-gaNesham/shrInivAsa-rAju-sAra/
‡≤∂‡≥ç‡≤∞‡≥Ä‡≤∂‡≥à‡≤≤-‡≤™‡≥ç‡≤∞‡≤µ‡≤æ‡≤∏ 	 gadya/kulakaraNi-nIlakaNThaH/shrIshaila-pravAsa/
‡≤∏‡≤§‡≥ç‡≤Ø‡≤®‡≤æ‡≤∞‡≤æ‡≤Ø‡≤£‡≤ï‡≤•‡≤æ 	 padya/prakIrNa/satyanArAyaNa-kathA/
‡≤∏‡≤Æ‡≤æ‡≤∏ 	 vyAkaraNa/samAsa/
‡≤∏‡≤Ç‡≤∏‡≥ç‡≤ï‡≥É‡≤§-‡≤µ‡≤ø‡≤µ‡≤æ‡≤¶‡≤É 	 articles/saMskRta-vivAdaH/
‡≤∏‡≤Ç‡≤∏‡≥ç‡≤ï‡≥É‡≤§-‡≤∂‡≤¨‡≥ç‡≤¶-‡≤§‡≤ø‡≤∞‡≤∏‡≥ç‡≤ï‡≤æ‡≤∞ 	 articles/saMskRta-vivAdaH/hegDe-janArdana/saMskRta-shabda-tiraskAra/
‡≤∏‡≤Ç‡≤∏‡≥ç‡≤ï‡≥É‡≤§‡≤¶ ‡≤Ö‡≤®‡≥ç‡≤® 	 articles/saMskRta-vivAdaH/hegDe-janArdana/saMskRtada_anna/
‡≤∏‡≤ø‡≤∞‡≤ø‡≤ß‡≤µ‡≤æ ‡≤Æ‡≤æ‡≤ß‡≤µ‡≤æ 	 padya/shAnti-grAma-narasiMha-mUrti/siridhavA_mAdhavA/
‡≤∏‡≥Ç‡≤≤‡≤ø‡≤¨‡≥Ü‡≤≤‡≥Ü-‡≤ö‡≤ï‡≥ç‡≤∞‡≤µ‡≤∞‡≥ç‡≤§‡≤ø-2023 	 gadya/ra_gaNesha/adhi-gaNesham/sUlibele-chakravarti-2023/
‡≤∏‡≥ã‡≤Æ‡≤∂‡≥Ü‡≤ñ‡≤∞‡≤®‡≤ø‡≤®‡≥ç‡≤¶ ‡≤∂‡≤∂‡≤ø-‡≤∏‡≥ç‡≤§‡≥Å‡≤§‡≤ø 	 gadya/ra_gaNesha/adhi-gaNesham/somashekharaninda-shashi-stuti/
‡≤∏‡≥ã‡≤Æ‡≥á‡≤∂‡≥ç‡≤µ‡≤∞‡≤∂‡≤§‡≤ï 	 padya/shatakagaLu/someshvara-shataka/
‡≤π‡≤ø‡≤®‡≥ç‡≤¶‡≥Å‡≤∏‡≥ç‡≤•‡≤æ‡≤®‡≤µ‡≥Å ‡≤é‡≤®‡≥ç‡≤¶‡≥Ç ‡≤Æ‡≤∞‡≥Ü‡≤Ø‡≤¶ 	 gIte/chitra-gItegaLu/hindustAnavu_endU_mareyada/
‡≤π‡≥ã‡≤¶‡≥ç‡≤∞‡≥Ü ‡≤π‡≥ã‡≤ó‡≥ç‡≤≤‡≤ø ‡≤á‡≤®‡≥ç‡≤®‡≥ä‡≤Ç‡≤¶‡≥Å ‡≤Æ‡≤¶‡≥ç‡≤µ‡≥Ü 	 padya/shAnti-grAma-narasiMha-mUrti/hOdre_hOgli_innondu_madve/
ü•Ωüî¶ 	 search/
